unit_id,page,text_kind,assignment_code,assignment_id,assignment_source,assignment_status,assignment_support,audit_recommendation_code,audit_status,nearest_affinity_code,include_strict,include_supported,candidate_codes,boundary_codes,intermediate_candidate,uncertainty_reasons
f100r|label,f100r,label,2c,pharma_labels,audit_recommendation,insufficient_text,Unverified membership,2c,insufficient_text,2b,False,False,1b;2a;2b;5a;2c,,False,below smallest calibrated word budget; nearest-profile margin overlaps alternatives; finite-text sensitivity; glyph geometries disagree; text portions disagree; whole-locus sensitivity; additional sheet deletion changes preference; limited length calibration
f100r|para,f100r,para,2b,pharma_paragraph,audit_recommendation,leaning,Tentative support,2b,leaning,2b,False,False,2a;2b,2a;2b,False,nearest-profile margin overlaps alternatives; text portions disagree; pooling benefit not established within this division
f100v|label,f100v,label,2c,pharma_labels,audit_recommendation,insufficient_text,Unverified membership,2c,insufficient_text,2a,False,False,1b;2a;3b;5b,,False,below smallest calibrated word budget; nearest-profile margin overlaps alternatives; finite-text sensitivity; reference-sheet sensitivity; glyph geometries disagree; p/f mapping changes preference; text portions disagree; whole-locus sensitivity; additional sheet deletion changes preference; limited length calibration
f100v|para,f100v,para,2b,pharma_paragraph,audit_recommendation,secure,Strong support,2b,secure,2b,True,True,2b,,False,pooling benefit not established within this division
f101r|para,f101r,para,2b,pharma_paragraph,audit_recommendation,secure,Strong support,2b,secure,2b,True,True,2b,,False,pooling benefit not established within this division
f101v|label,f101v,label,2c,pharma_labels,audit_recommendation,insufficient_text,Unverified membership,2c,insufficient_text,2c,False,False,2c;4b;5c,,False,below smallest calibrated word budget; nearest-profile margin overlaps alternatives; finite-text sensitivity; text portions disagree; whole-locus sensitivity; limited length calibration
f101v|para,f101v,para,2b,pharma_paragraph,audit_recommendation,secure,Strong support,2b,secure,2b,True,True,2b,,False,pooling benefit not established within this division
f102r1|label,f102r1,label,2c,pharma_labels,audit_recommendation,insufficient_text,Unverified membership,2c,insufficient_text,4b,False,False,2c;3d-l;4b;5b;5c;3d-c,,False,below smallest calibrated word budget; nearest-profile margin overlaps alternatives; finite-text sensitivity; reference-sheet sensitivity; text portions disagree; whole-locus sensitivity; reference weighting changes preference; additional sheet deletion changes preference; limited length calibration
f102r1|para,f102r1,para,2b,pharma_paragraph,audit_recommendation,secure,Strong support,2b,secure,2b,True,True,2b,,False,pooling benefit not established within this division
f102r2|label,f102r2,label,2c,pharma_labels,audit_recommendation,insufficient_text,Unverified membership,2c,insufficient_text,5b,False,False,1a;1b;2a;3a;2c;3d-l;4b;5b;3d-c,,False,below smallest calibrated word budget; nearest-profile margin overlaps alternatives; finite-text sensitivity; glyph geometries disagree; text portions disagree; whole-locus sensitivity; fewer than two external reference sheets; limited length calibration
f102r2|para,f102r2,para,2b,pharma_paragraph,audit_recommendation,secure,Strong support,2b,secure,2b,True,True,2b,,False,pooling benefit not established within this division
f102v1|label,f102v1,label,2c,pharma_labels,audit_recommendation,insufficient_text,Unverified membership,2c,insufficient_text,5c,False,False,3b;5a;2c;3d-l;5c,,False,below smallest calibrated word budget; nearest-profile margin overlaps alternatives; finite-text sensitivity; reference-sheet sensitivity; glyph geometries disagree; text portions disagree; whole-locus sensitivity; additional sheet deletion changes preference; limited length calibration
f102v1|para,f102v1,para,2b,pharma_paragraph,audit_recommendation,secure,Strong support,2b,secure,2b,True,True,2b,,False,pooling benefit not established within this division
f102v2|label,f102v2,label,2c,pharma_labels,audit_recommendation,insufficient_text,Unverified membership,2c,insufficient_text,2c,False,False,2b;5a;2c;3d-l;3d-c,,False,below smallest calibrated word budget; nearest-profile margin overlaps alternatives; finite-text sensitivity; text portions disagree; whole-locus sensitivity; additional sheet deletion changes preference; limited length calibration
f102v2|para,f102v2,para,2b,pharma_paragraph,audit_recommendation,secure,Strong support,2b,secure,2b,True,True,2b,,False,pooling benefit not established within this division
f103r|para,f103r,para,4c,stars_s,previous_working_class_retained_audit_unresolved,uncertain_previous_class_retained,Unverified membership,,two_profile_boundary,4c,False,False,4c;4a,4c;4a,True,nearest-profile margin overlaps alternatives; finite-text sensitivity; reference-sheet sensitivity; glyph geometries disagree; text portions disagree; whole-locus sensitivity; reference weighting changes preference; additional sheet deletion changes preference; pooling benefit not established within this division
f103v|para,f103v,para,4c,stars_s,audit_recommendation,leaning,Tentative support,4c,leaning,4c,False,False,4c;4a,4c;4a,False,nearest-profile margin overlaps alternatives; whole-locus sensitivity; additional sheet deletion changes preference; pooling benefit not established within this division
f104r|para,f104r,para,3c,stars_t,audit_recommendation,secure,Strong support,3c,secure,3c,True,True,3c,,False,pooling benefit not established within this division
f104v|para,f104v,para,3c,stars_t,audit_recommendation,secure,Strong support,3c,secure,3c,True,True,3c,,False,pooling benefit not established within this division
f105r|para,f105r,para,3c,stars_t,audit_recommendation,leaning,Tentative support,3c,leaning,3c,False,False,3b;3c,3b;3c,False,nearest-profile margin overlaps alternatives; text portions disagree; pooling benefit not established within this division
f105v|para,f105v,para,3c,stars_t,audit_recommendation,secure,Strong support,3c,secure,3c,True,True,3c,,False,pooling benefit not established within this division
f106r|para,f106r,para,3c,stars_t,audit_recommendation,secure,Strong support,3c,secure,3c,True,True,3c,,False,pooling benefit not established within this division
f106v|para,f106v,para,3c,stars_t,audit_recommendation,secure,Strong support,3c,secure,3c,True,True,3c,,False,pooling benefit not established within this division
f107r|para,f107r,para,3c,stars_t,audit_recommendation,secure,Strong support,3c,secure,3c,True,True,3c,,False,pooling benefit not established within this division
f107v|para,f107v,para,3c,stars_t,previous_working_class_retained_audit_unresolved,uncertain_previous_class_retained,Unverified membership,,two_profile_boundary,4c,False,False,4c;3c,4c;3c,True,nearest-profile margin overlaps alternatives; finite-text sensitivity; reference-sheet sensitivity; glyph geometries disagree; whole-locus sensitivity; additional sheet deletion changes preference; pooling benefit not established within this division
f108r|para,f108r,para,4c,stars_s,audit_recommendation,secure,Strong support,4c,secure,4c,True,True,4c,,False,pooling benefit not established within this division
f108v|para,f108v,para,4c,stars_s,audit_recommendation,secure,Strong support,4c,secure,4c,True,True,4c,,False,pooling benefit not established within this division
f10r|para,f10r,para,1b,early_a_y,audit_recommendation,context_supported,Strong support,1b,context_supported,1b,False,True,1a;1b,1a;1b,False,nearest-profile margin overlaps alternatives
f10v|para,f10v,para,1a,early_a_ch,audit_recommendation,leaning,Tentative support,1a,leaning,1a,False,False,1a;1b,1a;1b,False,nearest-profile margin overlaps alternatives
f111r|para,f111r,para,4c,stars_s,audit_recommendation,secure,Strong support,4c,secure,4c,True,True,4c,,False,pooling benefit not established within this division
f111v|para,f111v,para,4c,stars_s,audit_recommendation,leaning,Tentative support,4c,leaning,4c,False,False,4c;4a,4c;4a,False,nearest-profile margin overlaps alternatives; additional sheet deletion changes preference; pooling benefit not established within this division
f112r|para,f112r,para,4c,stars_s,audit_recommendation,secure,Strong support,4c,secure,4c,True,True,4c,,False,pooling benefit not established within this division
f112v|para,f112v,para,4c,stars_s,audit_recommendation,leaning,Tentative support,4c,leaning,4c,False,False,4c;3c,4c;3c,False,nearest-profile margin overlaps alternatives; additional sheet deletion changes preference; pooling benefit not established within this division
f113r|para,f113r,para,3c,stars_t,audit_recommendation,secure,Strong support,3c,secure,3c,True,True,3c,,False,pooling benefit not established within this division
f113v|para,f113v,para,3c,stars_t,audit_recommendation,secure,Strong support,3c,secure,3c,True,True,3c,,False,pooling benefit not established within this division
f114r|para,f114r,para,3c,stars_t,audit_recommendation,secure,Strong support,3c,secure,3c,True,True,3c,,False,pooling benefit not established within this division
f114v|para,f114v,para,3c,stars_t,audit_recommendation,secure,Strong support,3c,secure,3c,True,True,3c,,False,pooling benefit not established within this division
f115r|para,f115r,para,3c,stars_t,audit_recommendation,secure,Strong support,3c,secure,3c,True,True,3c,,False,pooling benefit not established within this division
f115v|para,f115v,para,3c,stars_t,audit_recommendation,secure,Strong support,3c,secure,3c,True,True,3c,,False,pooling benefit not established within this division
f116r|para,f116r,para,4c,stars_s,previous_working_class_retained_audit_unresolved,uncertain_previous_class_retained,Unverified membership,,two_profile_boundary,4c,False,False,4c;4a,4c;4a,True,nearest-profile margin overlaps alternatives; finite-text sensitivity; reference-sheet sensitivity; text portions disagree; whole-locus sensitivity; reference weighting changes preference; additional sheet deletion changes preference; pooling benefit not established within this division
f116v|label,f116v,label,,,no_established_working_class,unresolved,Unassigned,,insufficient_text,,False,False,3d-c,,False,below smallest calibrated word budget; insufficient shared glyph contexts; finite-text sensitivity; reference-sheet sensitivity; glyph geometries disagree; whole-locus sensitivity; fewer than two external reference sheets; additional sheet deletion changes preference; limited length calibration
f11r|para,f11r,para,1b,early_a_y,audit_recommendation,leaning,Tentative support,1b,leaning,1b,False,False,1a;1b,1a;1b,False,nearest-profile margin overlaps alternatives; finite-text sensitivity; reference-sheet sensitivity; whole-locus sensitivity; weak 17-profile reference recovery at matched size
f11v|label,f11v,label,,,no_established_working_class,unresolved,Unassigned,,insufficient_text,,False,False,1a,,False,below smallest calibrated word budget; insufficient shared glyph contexts; finite-text sensitivity; reference-sheet sensitivity; glyph geometries disagree; whole-locus sensitivity; fewer than two external reference sheets; additional sheet deletion changes preference; limited length calibration
f11v|para,f11v,para,1a,early_a_ch,previous_working_class_retained_audit_unresolved,uncertain_previous_class_retained,Unverified membership,,two_profile_boundary,1a,False,False,1a;1b,1a;1b,False,nearest-profile margin overlaps alternatives; finite-text sensitivity; reference-sheet sensitivity; glyph geometries disagree; p/f mapping changes preference; text portions disagree; whole-locus sensitivity; reference weighting changes preference; additional sheet deletion changes preference; page and bifolium-assisted preferences differ
f13r|para,f13r,para,1b,early_a_y,audit_recommendation,secure,Strong support,1b,secure,1b,True,True,1b,,False,
f13v|para,f13v,para,1b,early_a_y,audit_recommendation,context_supported,Strong support,1b,context_supported,1b,False,True,1a;1b,1a;1b,False,nearest-profile margin overlaps alternatives; weak 17-profile reference recovery at matched size
f14r|para,f14r,para,1b,early_a_y,previous_working_class_retained_audit_unresolved,uncertain_previous_class_retained,Unverified membership,,two_profile_boundary,1b,False,False,1a;1b,1a;1b,False,nearest-profile margin overlaps alternatives; finite-text sensitivity; reference-sheet sensitivity; glyph geometries disagree; text portions disagree; whole-locus sensitivity; additional sheet deletion changes preference
f14v|para,f14v,para,1b,early_a_y,audit_recommendation,secure,Strong support,1b,secure,1b,True,True,1b,,False,
f15r|para,f15r,para,1a,early_a_ch,audit_recommendation,leaning,Tentative support,1a,leaning,1a,False,False,1a;1b,1a;1b,False,nearest-profile margin overlaps alternatives; finite-text sensitivity; reference-sheet sensitivity; text portions disagree; whole-locus sensitivity
f15v|para,f15v,para,1a,early_a_ch,previous_working_class_retained_audit_unresolved,uncertain_previous_class_retained,Unverified membership,,two_profile_boundary,1b,False,False,1a;1b,1a;1b,False,nearest-profile margin overlaps alternatives; finite-text sensitivity; reference-sheet sensitivity; glyph geometries disagree; text portions disagree; whole-locus sensitivity; additional sheet deletion changes preference; weak 17-profile reference recovery at matched size
f16r|para,f16r,para,1b,early_a_y,audit_recommendation,secure,Strong support,1b,secure,1b,True,True,1b,,False,
f16v|para,f16v,para,1b,early_a_y,audit_recommendation,context_supported,Strong support,1b,context_supported,1b,False,True,1a;1b,1a;1b,False,nearest-profile margin overlaps alternatives; text portions disagree; whole-locus sensitivity
f17r|label,f17r,label,,,no_established_working_class,unresolved,Unassigned,,insufficient_text,,False,False,3d-c,,False,below smallest calibrated word budget; insufficient shared glyph contexts; finite-text sensitivity; reference-sheet sensitivity; glyph geometries disagree; whole-locus sensitivity; fewer than two external reference sheets; additional sheet deletion changes preference; limited length calibration
f17r|para,f17r,para,1b,early_a_y,audit_recommendation,secure,Strong support,1b,secure,1b,True,True,1b,,False,
f17v|para,f17v,para,2b,pharma_paragraph,audit_recommendation,page_bifolium_conflict,Tentative support,2b,page_bifolium_conflict,2b,False,False,1b;2b,1b;2b,False,text portions disagree; page and bifolium-assisted preferences differ
f18r|para,f18r,para,1b,early_a_y,audit_recommendation,secure,Strong support,1b,secure,1b,True,True,1b,,False,
f18v|para,f18v,para,1b,early_a_y,audit_recommendation,leaning,Tentative support,1b,leaning,1b,False,False,1b,,False,weak 17-profile reference recovery at matched size
f19r|para,f19r,para,1b,early_a_y,audit_recommendation,context_supported,Strong support,1b,context_supported,1b,False,True,1a;1b,1a;1b,False,nearest-profile margin overlaps alternatives; text portions disagree
f19v|para,f19v,para,1b,early_a_y,audit_recommendation,secure,Strong support,1b,secure,1b,True,True,1b,,False,
f1r|para,f1r,para,1a,early_a_ch,audit_recommendation,leaning,Tentative support,1a,leaning,1a,False,False,1a;1b,1a;1b,False,nearest-profile margin overlaps alternatives; whole-locus sensitivity
f1v|para,f1v,para,1a,early_a_ch,audit_recommendation,context_supported,Strong support,1a,context_supported,1a,False,True,1a;1b;2a,,False,nearest-profile margin overlaps alternatives
f20r|para,f20r,para,1a,early_a_ch,audit_recommendation,secure,Strong support,1a,secure,1a,True,True,1a,,False,
f20v|para,f20v,para,1a,early_a_ch,audit_recommendation,secure,Strong support,1a,secure,1a,True,True,1a,,False,
f21r|para,f21r,para,1a,early_a_ch,audit_recommendation,context_supported,Strong support,1a,context_supported,1a,False,True,1a;1b;2a;2b,,False,nearest-profile margin overlaps alternatives; finite-text sensitivity; text portions disagree; whole-locus sensitivity
f21v|para,f21v,para,1a,early_a_ch,audit_recommendation,secure,Strong support,1a,secure,1a,True,True,1a,,False,
f22r|para,f22r,para,1b,early_a_y,audit_recommendation,secure,Strong support,1b,secure,1b,True,True,1b,,False,
f22v|para,f22v,para,1b,early_a_y,audit_recommendation,secure,Strong support,1b,secure,1b,True,True,1b,,False,
f23r|para,f23r,para,1b,early_a_y,audit_recommendation,secure,Strong support,1b,secure,1b,True,True,1b,,False,
f23v|para,f23v,para,1b,early_a_y,audit_recommendation,context_supported,Strong support,1b,context_supported,1b,False,True,1a;1b,1a;1b,False,nearest-profile margin overlaps alternatives
f24r|para,f24r,para,1b,early_a_y,previous_working_class_retained_audit_unresolved,uncertain_previous_class_retained,Unverified membership,,atypical,1b,False,False,1b;2a;2b;6,,False,nearest-profile margin overlaps alternatives; finite-text sensitivity; reference-sheet sensitivity; whole-locus sensitivity; atypical distance for preferred profile at this size
f24v|para,f24v,para,1b,early_a_y,audit_recommendation,context_supported,Strong support,1b,context_supported,1b,False,True,1a;1b;2a,,False,nearest-profile margin overlaps alternatives; whole-locus sensitivity
f25r|para,f25r,para,1a,early_a_ch,audit_recommendation,context_supported,Strong support,1a,context_supported,1a,False,True,1a;1b,1a;1b,False,nearest-profile margin overlaps alternatives
f25v|para,f25v,para,1a,early_a_ch,audit_recommendation,secure,Strong support,1a,secure,1a,True,True,1a,,False,
f26r|para,f26r,para,3b,herbal_b_e,audit_recommendation,context_supported,Strong support,3b,context_supported,3b,False,True,3b;4a,3b;4a,False,nearest-profile margin overlaps alternatives; weak 17-profile reference recovery at matched size
f26v|para,f26v,para,3b,herbal_b_e,audit_recommendation,leaning,Tentative support,3b,leaning,3b,False,False,3b,,False,text portions disagree; weak 17-profile reference recovery at matched size
f27r|para,f27r,para,1a,early_a_ch,audit_recommendation,secure,Strong support,1a,secure,1a,True,True,1a,,False,
f27v|para,f27v,para,1a,early_a_ch,audit_recommendation,leaning,Tentative support,1a,leaning,1a,False,False,1a,,False,atypical distance for preferred profile at this size
f28r|para,f28r,para,1a,early_a_ch,audit_recommendation,context_supported,Strong support,1a,context_supported,1a,False,True,1a;1b,1a;1b,False,nearest-profile margin overlaps alternatives; finite-text sensitivity; reference-sheet sensitivity; whole-locus sensitivity
f28v|para,f28v,para,1a,early_a_ch,audit_recommendation,context_supported,Strong support,1a,context_supported,1a,False,True,1a;1b,1a;1b,False,nearest-profile margin overlaps alternatives
f29r|para,f29r,para,1a,early_a_ch,audit_recommendation,context_supported,Strong support,1a,context_supported,1a,False,True,1a;1b,1a;1b,False,nearest-profile margin overlaps alternatives
f29v|para,f29v,para,1a,early_a_ch,audit_recommendation,context_supported,Strong support,1a,context_supported,1a,False,True,1a;1b,1a;1b,False,nearest-profile margin overlaps alternatives
f2r|label,f2r,label,,,no_established_working_class,unresolved,Unassigned,,insufficient_text,,False,False,3d-c,,False,below smallest calibrated word budget; insufficient shared glyph contexts; finite-text sensitivity; reference-sheet sensitivity; glyph geometries disagree; whole-locus sensitivity; fewer than two external reference sheets; additional sheet deletion changes preference; limited length calibration
f2r|para,f2r,para,1b,early_a_y,previous_working_class_retained_audit_unresolved,uncertain_previous_class_retained,Unverified membership,,atypical,1a,False,False,1a;1b,,False,nearest-profile margin overlaps alternatives; finite-text sensitivity; reference-sheet sensitivity; whole-locus sensitivity; reference weighting changes preference; atypical distance for preferred profile at this size
f2v|para,f2v,para,1a,early_a_ch,audit_recommendation,secure,Strong support,1a,secure,1a,True,True,1a,,False,
f30r|para,f30r,para,1a,early_a_ch,audit_recommendation,secure,Strong support,1a,secure,1a,True,True,1a,,False,
f30v|para,f30v,para,1a,early_a_ch,audit_recommendation,secure,Strong support,1a,secure,1a,True,True,1a,,False,
f31r|para,f31r,para,3b,herbal_b_e,audit_recommendation,context_supported,Strong support,3b,context_supported,3b,False,True,3a;3b;4c;3c;4a,,False,nearest-profile margin overlaps alternatives; finite-text sensitivity; reference-sheet sensitivity; glyph geometries disagree; text portions disagree; whole-locus sensitivity; additional sheet deletion changes preference; weak 17-profile reference recovery at matched size
f31v|para,f31v,para,3b,herbal_b_e,audit_recommendation,context_supported,Strong support,3b,context_supported,5a,False,True,3a;3b;4c;3c;5a,,False,nearest-profile margin overlaps alternatives; finite-text sensitivity; reference-sheet sensitivity; text portions disagree; whole-locus sensitivity; additional sheet deletion changes preference; page and bifolium-assisted preferences differ
f32r|para,f32r,para,1a,early_a_ch,audit_recommendation,context_supported,Strong support,1a,context_supported,1a,False,True,1a;1b,1a;1b,False,nearest-profile margin overlaps alternatives; finite-text sensitivity; reference-sheet sensitivity; glyph geometries disagree; text portions disagree; whole-locus sensitivity
f32v|para,f32v,para,1a,early_a_ch,audit_recommendation,secure,Strong support,1a,secure,1a,True,True,1a,,False,
f33r|para,f33r,para,3a,herbal_b_a,audit_recommendation,secure,Strong support,3a,secure,3a,True,True,3a,,False,
f33v|para,f33v,para,3a,herbal_b_a,audit_recommendation,secure,Strong support,3a,secure,3a,True,True,3a,,False,
f34r|para,f34r,para,3a,herbal_b_a,audit_recommendation,context_supported,Strong support,3a,context_supported,3a,False,True,3a;3b,3a;3b,False,nearest-profile margin overlaps alternatives; finite-text sensitivity; reference-sheet sensitivity; glyph geometries disagree; p/f mapping changes preference; text portions disagree; whole-locus sensitivity; additional sheet deletion changes preference
f34v|para,f34v,para,3a,herbal_b_a,audit_recommendation,secure,Strong support,3a,secure,3a,True,True,3a,,False,
f35r|para,f35r,para,1a,early_a_ch,audit_recommendation,secure,Strong support,1a,secure,1a,True,True,1a,,False,
f35v|para,f35v,para,1a,early_a_ch,audit_recommendation,secure,Strong support,1a,secure,1a,True,True,1a,,False,
f36r|para,f36r,para,1b,early_a_y,audit_recommendation,context_supported,Strong support,1b,context_supported,1b,False,True,1a;1b,1a;1b,False,nearest-profile margin overlaps alternatives; weak 17-profile reference recovery at matched size
f36v|para,f36v,para,1b,early_a_y,audit_recommendation,secure,Strong support,1b,secure,1b,True,True,1b,,False,
f37r|para,f37r,para,1b,early_a_y,audit_recommendation,context_supported,Strong support,1b,context_supported,1b,False,True,1a;1b,1a;1b,False,nearest-profile margin overlaps alternatives
f37v|para,f37v,para,1b,early_a_y,previous_working_class_retained_audit_unresolved,uncertain_previous_class_retained,Unverified membership,,two_profile_boundary,1b,False,False,1a;1b,1a;1b,False,nearest-profile margin overlaps alternatives; finite-text sensitivity; reference-sheet sensitivity; glyph geometries disagree; text portions disagree; whole-locus sensitivity; additional sheet deletion changes preference
f38r|para,f38r,para,1a,early_a_ch,audit_recommendation,context_supported,Strong support,1a,context_supported,1b,False,True,1a;1b,1a;1b,False,nearest-profile margin overlaps alternatives; finite-text sensitivity; glyph geometries disagree; text portions disagree; whole-locus sensitivity; weak 17-profile reference recovery at matched size; page and bifolium-assisted preferences differ
f38v|para,f38v,para,1a,early_a_ch,audit_recommendation,context_supported,Strong support,1a,context_supported,1a,False,True,1a;2b,1a;2b,False,nearest-profile margin overlaps alternatives; finite-text sensitivity; reference-sheet sensitivity; text portions disagree; whole-locus sensitivity
f39r|para,f39r,para,3a,herbal_b_a,audit_recommendation,secure,Strong support,3a,secure,3a,True,True,3a,,False,
f39v|para,f39v,para,3a,herbal_b_a,audit_recommendation,secure,Strong support,3a,secure,3a,True,True,3a,,False,
f3r|para,f3r,para,1b,early_a_y,previous_working_class_retained_audit_unresolved,uncertain_previous_class_retained,Unverified membership,,multi_profile_uncertain,2b,False,False,1a;1b;2a;2b,,False,nearest-profile margin overlaps alternatives; finite-text sensitivity; reference-sheet sensitivity; glyph geometries disagree; whole-locus sensitivity; reference weighting changes preference; additional sheet deletion changes preference; page and bifolium-assisted preferences differ
f3v|para,f3v,para,1b,early_a_y,audit_recommendation,secure,Strong support,1b,secure,1b,True,True,1b,,False,
f40r|para,f40r,para,3a,herbal_b_a,audit_recommendation,secure,Strong support,3a,secure,3a,True,True,3a,,False,
f40v|para,f40v,para,3a,herbal_b_a,audit_recommendation,context_supported,Strong support,3a,context_supported,3a,False,True,3a;4c;3c;4a,,False,nearest-profile margin overlaps alternatives
f41r|para,f41r,para,3b,herbal_b_e,audit_recommendation,context_supported,Strong support,3b,context_supported,3b,False,True,3b;4a,3b;4a,False,nearest-profile margin overlaps alternatives; weak 17-profile reference recovery at matched size
f41v|label,f41v,label,,,no_established_working_class,unresolved,Unassigned,,insufficient_text,,False,False,4b,,False,below smallest calibrated word budget; insufficient shared glyph contexts; finite-text sensitivity; reference-sheet sensitivity; glyph geometries disagree; whole-locus sensitivity; fewer than two external reference sheets; additional sheet deletion changes preference; limited length calibration
f41v|para,f41v,para,3b,herbal_b_e,audit_recommendation,context_supported,Strong support,3b,context_supported,3b,False,True,2b;3b;4c;3c;5a,,False,nearest-profile margin overlaps alternatives; whole-locus sensitivity; weak 17-profile reference recovery at matched size
f42r|para,f42r,para,1a,early_a_ch,audit_recommendation,secure,Strong support,1a,secure,1a,True,True,1a,,False,
f42v|para,f42v,para,1a,early_a_ch,audit_recommendation,secure,Strong support,1a,secure,1a,True,True,1a,,False,
f43r|para,f43r,para,3b,herbal_b_e,previous_working_class_retained_audit_unresolved,uncertain_previous_class_retained,Unverified membership,,atypical,3a,False,False,3a;3b,,False,nearest-profile margin overlaps alternatives; finite-text sensitivity; reference-sheet sensitivity; glyph geometries disagree; p/f mapping changes preference; text portions disagree; whole-locus sensitivity; reference weighting changes preference; additional sheet deletion changes preference; atypical distance for preferred profile at this size; page and bifolium-assisted preferences differ
f43v|para,f43v,para,3b,herbal_b_e,audit_recommendation,secure,Strong support,3b,secure,3b,True,True,3b,,False,
f44r|para,f44r,para,1b,early_a_y,audit_recommendation,leaning,Tentative support,1b,leaning,1b,False,False,1b,,False,weak 17-profile reference recovery at matched size
f44v|para,f44v,para,1b,early_a_y,audit_recommendation,context_supported,Strong support,1b,context_supported,1b,False,True,1a;1b,1a;1b,False,nearest-profile margin overlaps alternatives
f45r|para,f45r,para,1b,early_a_y,audit_recommendation,secure,Strong support,1b,secure,1b,True,True,1b,,False,
f45v|para,f45v,para,1b,early_a_y,audit_recommendation,secure,Strong support,1b,secure,1b,True,True,1b,,False,
f46r|para,f46r,para,3a,herbal_b_a,previous_working_class_retained_audit_unresolved,uncertain_previous_class_retained,Unverified membership,,atypical,3a,False,False,3a;3b,,False,nearest-profile margin overlaps alternatives; glyph geometries disagree; text portions disagree; atypical distance for preferred profile at this size
f46v|para,f46v,para,3b,herbal_b_e,previous_working_class_retained_audit_unresolved,uncertain_previous_class_retained,Unverified membership,,two_profile_boundary,3b,False,False,3a;3b,3a;3b,True,nearest-profile margin overlaps alternatives; finite-text sensitivity; reference-sheet sensitivity; whole-locus sensitivity; additional sheet deletion changes preference; weak 17-profile reference recovery at matched size
f47r|para,f47r,para,1a,early_a_ch,audit_recommendation,secure,Strong support,1a,secure,1a,True,True,1a,,False,
f47v|para,f47v,para,1a,early_a_ch,audit_recommendation,secure,Strong support,1a,secure,1a,True,True,1a,,False,
f48r|para,f48r,para,3b,herbal_b_e,audit_recommendation,context_supported,Strong support,3b,context_supported,3b,False,True,3b;4c;3c,,False,nearest-profile margin overlaps alternatives; weak 17-profile reference recovery at matched size
f48v|para,f48v,para,3b,herbal_b_e,previous_working_class_retained_audit_unresolved,uncertain_previous_class_retained,Unverified membership,,multi_profile_uncertain,3b,False,False,3a;3b;4c;3c;4a,,False,nearest-profile margin overlaps alternatives; finite-text sensitivity; reference-sheet sensitivity; text portions disagree; whole-locus sensitivity; additional sheet deletion changes preference; weak 17-profile reference recovery at matched size
f49r|para,f49r,para,1a,early_a_ch,audit_recommendation,secure,Strong support,1a,secure,1a,True,True,1a,,False,
f49v|label,f49v,label,,,no_established_working_class,unresolved,Unassigned,,atypical,1b,False,False,1a;1b;3a;3b;2c;4b;5b,,False,nearest-profile margin overlaps alternatives; finite-text sensitivity; reference-sheet sensitivity; text portions disagree; whole-locus sensitivity; weak 17-profile reference recovery at matched size; atypical distance for preferred profile at this size
f49v|para,f49v,para,1a,early_a_ch,audit_recommendation,secure,Strong support,1a,secure,1a,True,True,1a,,False,
f4r|para,f4r,para,1a,early_a_ch,audit_recommendation,context_supported,Strong support,1a,context_supported,1a,False,True,1a;1b,1a;1b,False,nearest-profile margin overlaps alternatives; finite-text sensitivity; reference-sheet sensitivity; text portions disagree; whole-locus sensitivity
f4v|para,f4v,para,1a,early_a_ch,audit_recommendation,secure,Strong support,1a,secure,1a,True,True,1a,,False,
f50r|para,f50r,para,3a,herbal_b_a,audit_recommendation,secure,Strong support,3a,secure,3a,True,True,3a,,False,
f50v|para,f50v,para,3a,herbal_b_a,audit_recommendation,secure,Strong support,3a,secure,3a,True,True,3a,,False,
f51r|para,f51r,para,1b,early_a_y,previous_working_class_retained_audit_unresolved,uncertain_previous_class_retained,Unverified membership,,multi_profile_uncertain,2b,False,False,1b;2a;2b,,False,nearest-profile margin overlaps alternatives; finite-text sensitivity; reference-sheet sensitivity; p/f mapping changes preference; text portions disagree; whole-locus sensitivity; reference weighting changes preference; additional sheet deletion changes preference; page and bifolium-assisted preferences differ
f51v|para,f51v,para,1b,early_a_y,previous_working_class_retained_audit_unresolved,uncertain_previous_class_retained,Unverified membership,,multi_profile_uncertain,2a,False,False,1a;1b;2a;2b,,False,nearest-profile margin overlaps alternatives; finite-text sensitivity; reference-sheet sensitivity; glyph geometries disagree; whole-locus sensitivity; additional sheet deletion changes preference; limited length calibration; page and bifolium-assisted preferences differ
f52r|para,f52r,para,1b,early_a_y,audit_recommendation,leaning,Tentative support,1b,leaning,1b,False,False,1b,,False,weak 17-profile reference recovery at matched size
f52v|para,f52v,para,1b,early_a_y,previous_working_class_retained_audit_unresolved,uncertain_previous_class_retained,Unverified membership,,multi_profile_uncertain,1b,False,False,1a;1b;2a;2b,,False,nearest-profile margin overlaps alternatives; finite-text sensitivity; reference-sheet sensitivity; text portions disagree; whole-locus sensitivity; reference weighting changes preference; additional sheet deletion changes preference
f53r|para,f53r,para,1b,early_a_y,audit_recommendation,context_supported,Strong support,1b,context_supported,1b,False,True,1b;2a,1b;2a,False,nearest-profile margin overlaps alternatives; weak 17-profile reference recovery at matched size
f53v|para,f53v,para,1b,early_a_y,previous_working_class_retained_audit_unresolved,uncertain_previous_class_retained,Unverified membership,,multi_profile_uncertain,1b,False,False,1a;1b;2a,,False,nearest-profile margin overlaps alternatives; finite-text sensitivity; reference-sheet sensitivity; text portions disagree; whole-locus sensitivity; additional sheet deletion changes preference; weak 17-profile reference recovery at matched size
f54r|para,f54r,para,1b,early_a_y,previous_working_class_retained_audit_unresolved,uncertain_previous_class_retained,Unverified membership,,multi_profile_uncertain,1b,False,False,1a;1b;2a;2b,,False,nearest-profile margin overlaps alternatives; finite-text sensitivity; reference-sheet sensitivity; glyph geometries disagree; p/f mapping changes preference; text portions disagree; whole-locus sensitivity; reference weighting changes preference; additional sheet deletion changes preference
f54v|para,f54v,para,1b,early_a_y,previous_working_class_retained_audit_unresolved,uncertain_previous_class_retained,Unverified membership,,multi_profile_uncertain,6,False,False,1b;2a;2b;6,,False,nearest-profile margin overlaps alternatives; finite-text sensitivity; text portions disagree; whole-locus sensitivity; fewer than two external reference sheets; limited length calibration; page and bifolium-assisted preferences differ
f55r|para,f55r,para,3a,herbal_b_a,audit_recommendation,secure,Strong support,3a,secure,3a,True,True,3a,,False,
f55v|para,f55v,para,3a,herbal_b_a,audit_recommendation,secure,Strong support,3a,secure,3a,True,True,3a,,False,
f56r|para,f56r,para,1a,early_a_ch,audit_recommendation,secure,Strong support,1a,secure,1a,True,True,1a,,False,
f56v|para,f56v,para,1a,early_a_ch,audit_recommendation,secure,Strong support,1a,secure,1a,True,True,1a,,False,
f57r|para,f57r,para,3b,herbal_b_e,audit_recommendation,leaning,Tentative support,3b,leaning,3b,False,False,2b;3b,2b;3b,False,weak 17-profile reference recovery at matched size
f57v|circle,f57v,circle,,,no_established_working_class,unresolved,Unassigned,,atypical,5a,False,False,3a;3b;3c;5a;3d-c,,False,nearest-profile margin overlaps alternatives; finite-text sensitivity; reference-sheet sensitivity; text portions disagree; whole-locus sensitivity; reference weighting changes preference; additional sheet deletion changes preference; atypical distance for preferred profile at this size
f57v|label,f57v,label,,,no_established_working_class,unresolved,Unassigned,,insufficient_text,3d-l,False,False,5a;3d-l;4b;5b;5c,,False,below smallest calibrated word budget; nearest-profile margin overlaps alternatives; finite-text sensitivity; glyph geometries disagree; p/f mapping changes preference; text portions disagree; whole-locus sensitivity; fewer than two external reference sheets; limited length calibration
f57v|radial,f57v,radial,,,no_established_working_class,unresolved,Unassigned,,insufficient_text,3d-c,False,False,6;4b;5c;3d-c,,False,below smallest calibrated word budget; nearest-profile margin overlaps alternatives; finite-text sensitivity; glyph geometries disagree; text portions disagree; whole-locus sensitivity; fewer than two external reference sheets; limited length calibration
f58r|para,f58r,para,6,f58,audit_recommendation,reference_limited,Unverified membership,6,reference_limited,5a,False,False,1b;3a;5a,,False,own reference has no surviving independent sheet; nearest-profile margin overlaps alternatives; text portions disagree; limited length calibration; pooling benefit not established within this division
f58v|para,f58v,para,6,f58,audit_recommendation,reference_limited,Unverified membership,6,reference_limited,3a,False,False,3a,,False,own reference has no surviving independent sheet; atypical distance for preferred profile at this size; pooling benefit not established within this division
f5r|para,f5r,para,1a,early_a_ch,audit_recommendation,secure,Strong support,1a,secure,1a,True,True,1a,,False,
f5v|para,f5v,para,1a,early_a_ch,audit_recommendation,context_supported,Strong support,1a,context_supported,1b,False,True,1a;1b,1a;1b,False,nearest-profile margin overlaps alternatives; finite-text sensitivity; glyph geometries disagree; text portions disagree; whole-locus sensitivity; weak 17-profile reference recovery at matched size; page and bifolium-assisted preferences differ
f65r|label,f65r,label,,,no_established_working_class,unresolved,Unassigned,,insufficient_text,,False,False,5c,,False,below smallest calibrated word budget; insufficient shared glyph contexts; finite-text sensitivity; reference-sheet sensitivity; glyph geometries disagree; whole-locus sensitivity; fewer than two external reference sheets; additional sheet deletion changes preference; limited length calibration
f65v|para,f65v,para,3b,herbal_b_e,audit_recommendation,leaning,Tentative support,3b,leaning,3b,False,False,3b,,False,weak 17-profile reference recovery at matched size; pooling benefit not established within this division
f66r|label,f66r,label,,,no_established_working_class,unresolved,Unassigned,,atypical,2b,False,False,1a;1b;2a;2b;3b;5a;6;4b,,False,nearest-profile margin overlaps alternatives; finite-text sensitivity; reference-sheet sensitivity; glyph geometries disagree; p/f mapping changes preference; text portions disagree; whole-locus sensitivity; reference weighting changes preference; additional sheet deletion changes preference; atypical distance for preferred profile at this size
f66r|para,f66r,para,3b,herbal_b_e,audit_recommendation,secure,Strong support,3b,secure,3b,True,True,3b,,False,
f66v|para,f66v,para,3b,herbal_b_e,previous_working_class_retained_audit_unresolved,uncertain_previous_class_retained,Unverified membership,,two_profile_boundary,3b,False,False,3a;3b,3a;3b,True,nearest-profile margin overlaps alternatives; finite-text sensitivity; reference-sheet sensitivity; text portions disagree; whole-locus sensitivity; reference weighting changes preference; additional sheet deletion changes preference; weak 17-profile reference recovery at matched size
f67r1|circle,f67r1,circle,5a,celestial_running,audit_recommendation,secure,Strong support,5a,secure,5a,True,True,5a,,False,
f67r1|para,f67r1,para,5a,celestial_running,audit_recommendation,leaning,Tentative support,5a,leaning,5a,False,False,2b;5a,2b;5a,False,nearest-profile margin overlaps alternatives; weak 17-profile reference recovery at matched size; pooling benefit not established within this division
f67r1|radial,f67r1,radial,5a,celestial_running,audit_recommendation,insufficient_text,Unverified membership,5a,insufficient_text,5a,False,False,2a;2b;5a;5c,,False,below smallest calibrated word budget; nearest-profile margin overlaps alternatives; limited length calibration
f67r2|label,f67r2,label,5b,astro_labels,audit_recommendation,reference_limited,Unverified membership,5b,reference_limited,1b,False,False,1b;3a;5a;6;2c,,False,own reference has no surviving independent sheet; nearest-profile margin overlaps alternatives; finite-text sensitivity; glyph geometries disagree; text portions disagree; whole-locus sensitivity; weak 17-profile reference recovery at matched size
f67r2|para,f67r2,para,5a,celestial_running,previous_working_class_retained_audit_unresolved,uncertain_previous_class_retained,Unverified membership,,atypical,2b,False,False,1b;2a;2b;5a;6,,False,nearest-profile margin overlaps alternatives; finite-text sensitivity; reference-sheet sensitivity; whole-locus sensitivity; additional sheet deletion changes preference; atypical distance for preferred profile at this size; pooling benefit not established within this division
f67v1|label,f67v1,label,5b,astro_labels,audit_recommendation,reference_limited,Unverified membership,5b,reference_limited,6,False,False,5a;6;2c;5c,,False,own reference has no surviving independent sheet; below smallest calibrated word budget; nearest-profile margin overlaps alternatives; finite-text sensitivity; glyph geometries disagree; text portions disagree; whole-locus sensitivity; fewer than two external reference sheets; limited length calibration
f67v1|radial,f67v1,radial,5a,celestial_running,previous_working_class_retained_audit_unresolved,uncertain_previous_class_retained,Unverified membership,,multi_profile_uncertain,5a,False,False,2b;3b;5a,,False,nearest-profile margin overlaps alternatives; finite-text sensitivity; text portions disagree; whole-locus sensitivity; additional sheet deletion changes preference
f67v2|label,f67v2,label,,,no_established_working_class,unresolved,Unassigned,,insufficient_text,,False,False,5a;2c;3d-l;5c,,False,below smallest calibrated word budget; insufficient shared glyph contexts; finite-text sensitivity; reference-sheet sensitivity; glyph geometries disagree; whole-locus sensitivity; fewer than two external reference sheets; additional sheet deletion changes preference; limited length calibration
f67v2|para,f67v2,para,5a,celestial_running,previous_working_class_retained_audit_unresolved,uncertain_previous_class_retained,Unverified membership,,reference_limited,6,False,False,6,,False,fewer than two external reference sheets; limited length calibration; pooling benefit not established within this division
f67v2|radial,f67v2,radial,,,no_established_working_class,unresolved,Unassigned,,insufficient_text,5c,False,False,3a;5a;6;5c;3d-c,,False,below smallest calibrated word budget; nearest-profile margin overlaps alternatives; finite-text sensitivity; reference-sheet sensitivity; glyph geometries disagree; text portions disagree; whole-locus sensitivity; reference weighting changes preference; additional sheet deletion changes preference; limited length calibration
f68r1|circle,f68r1,circle,5a,celestial_running,audit_recommendation,insufficient_text,Unverified membership,5a,insufficient_text,4b,False,False,3d-l;4b;5c,,False,below smallest calibrated word budget; nearest-profile margin overlaps alternatives; finite-text sensitivity; p/f mapping changes preference; text portions disagree; limited length calibration
f68r1|label,f68r1,label,5b,astro_labels,audit_recommendation,reference_limited,Unverified membership,5b,reference_limited,3d-c,False,False,5a;5c;3d-c,,False,own reference has no surviving independent sheet; nearest-profile margin overlaps alternatives; finite-text sensitivity; glyph geometries disagree; text portions disagree; whole-locus sensitivity; fewer than two external reference sheets; limited length calibration
f68r1|para,f68r1,para,5a,celestial_running,previous_working_class_retained_audit_unresolved,uncertain_previous_class_retained,Unverified membership,,multi_profile_uncertain,1b,False,False,1a;1b;2a;2b;5a,,False,nearest-profile margin overlaps alternatives; finite-text sensitivity; reference-sheet sensitivity; glyph geometries disagree; text portions disagree; whole-locus sensitivity; reference weighting changes preference; additional sheet deletion changes preference; weak 17-profile reference recovery at matched size; pooling benefit not established within this division
f68r2|circle,f68r2,circle,5a,celestial_running,audit_recommendation,insufficient_text,Unverified membership,5a,insufficient_text,2b,False,False,2b;3a;4c;4a;5a;3d-c,,False,below smallest calibrated word budget; nearest-profile margin overlaps alternatives; finite-text sensitivity; text portions disagree; whole-locus sensitivity; limited length calibration
f68r2|label,f68r2,label,5b,astro_labels,audit_recommendation,reference_limited,Unverified membership,5b,reference_limited,2b,False,False,1a;1b;2a;2b;5a,,False,own reference has no surviving independent sheet; nearest-profile margin overlaps alternatives; finite-text sensitivity; reference-sheet sensitivity; glyph geometries disagree; text portions disagree; whole-locus sensitivity; additional sheet deletion changes preference; atypical distance for preferred profile at this size
f68r2|para,f68r2,para,2b,pharma_paragraph,audit_recommendation,leaning,Tentative support,2b,leaning,2b,False,False,1b;2a;2b,,False,nearest-profile margin overlaps alternatives; whole-locus sensitivity; pooling benefit not established within this division
f68r3|circle,f68r3,circle,5a,celestial_running,audit_recommendation,leaning,Tentative support,5a,leaning,5a,False,False,2b;5a,2b;5a,False,nearest-profile margin overlaps alternatives; whole-locus sensitivity; weak 17-profile reference recovery at matched size
f68r3|label,f68r3,label,5b,astro_labels,audit_recommendation,reference_limited,Unverified membership,5b,reference_limited,2c,False,False,1a;1b;5a;2c;4b;5c,,False,own reference has no surviving independent sheet; below smallest calibrated word budget; nearest-profile margin overlaps alternatives; text portions disagree; whole-locus sensitivity; limited length calibration
f68r3|radial,f68r3,radial,5a,celestial_running,previous_working_class_retained_audit_unresolved,uncertain_previous_class_retained,Unverified membership,,multi_profile_uncertain,1a,False,False,1a;1b;2a;2b;3a;3b;3c;5a,,False,nearest-profile margin overlaps alternatives; finite-text sensitivity; reference-sheet sensitivity; glyph geometries disagree; text portions disagree; whole-locus sensitivity
f68v1|circle,f68v1,circle,5a,celestial_running,audit_recommendation,leaning,Tentative support,5a,leaning,5a,False,False,2b;5a,2b;5a,False,nearest-profile margin overlaps alternatives
f68v1|radial,f68v1,radial,5a,celestial_running,audit_recommendation,insufficient_text,Unverified membership,5a,insufficient_text,5a,False,False,5a,,False,below smallest calibrated word budget; nearest-profile margin overlaps alternatives; limited length calibration
f68v2|circle,f68v2,circle,5a,celestial_running,audit_recommendation,leaning,Tentative support,5a,leaning,5a,False,False,2b;3b;5a,,False,nearest-profile margin overlaps alternatives; weak 17-profile reference recovery at matched size
f68v2|para,f68v2,para,5a,celestial_running,previous_working_class_retained_audit_unresolved,uncertain_previous_class_retained,Unverified membership,,multi_profile_uncertain,3b,False,False,2a;2b;3b;5a,,False,nearest-profile margin overlaps alternatives; finite-text sensitivity; reference-sheet sensitivity; text portions disagree; whole-locus sensitivity; weak 17-profile reference recovery at matched size; pooling benefit not established within this division
f68v2|radial,f68v2,radial,5a,celestial_running,audit_recommendation,leaning,Tentative support,5a,leaning,5a,False,False,5a,,False,text portions disagree; weak 17-profile reference recovery at matched size
f68v3|circle,f68v3,circle,5a,celestial_running,previous_working_class_retained_audit_unresolved,uncertain_previous_class_retained,Unverified membership,,multi_profile_uncertain,5a,False,False,1b;2b;5a,,False,nearest-profile margin overlaps alternatives; finite-text sensitivity; text portions disagree; whole-locus sensitivity
f68v3|label,f68v3,label,,,no_established_working_class,unresolved,Unassigned,,insufficient_text,,False,False,2c,,False,below smallest calibrated word budget; insufficient shared glyph contexts; finite-text sensitivity; reference-sheet sensitivity; glyph geometries disagree; whole-locus sensitivity; fewer than two external reference sheets; additional sheet deletion changes preference; limited length calibration
f68v3|para,f68v3,para,1a,early_a_ch,audit_recommendation,leaning,Tentative support,1a,leaning,1a,False,False,1a;2b,1a;2b,False,nearest-profile margin overlaps alternatives; finite-text sensitivity; whole-locus sensitivity; pooling benefit not established within this division
f68v3|radial,f68v3,radial,5a,celestial_running,previous_working_class_retained_audit_unresolved,uncertain_previous_class_retained,Unverified membership,,multi_profile_uncertain,2b,False,False,2b;3a;3b;3c;5a,,False,nearest-profile margin overlaps alternatives; finite-text sensitivity; reference-sheet sensitivity; glyph geometries disagree; p/f mapping changes preference; text portions disagree; whole-locus sensitivity; reference weighting changes preference; additional sheet deletion changes preference
f69r|circle,f69r,circle,5a,celestial_running,audit_recommendation,insufficient_text,Unverified membership,5a,insufficient_text,5a,False,False,5a;6;5b;5c;3d-c,,False,below smallest calibrated word budget; nearest-profile margin overlaps alternatives; finite-text sensitivity; reference-sheet sensitivity; p/f mapping changes preference; text portions disagree; whole-locus sensitivity; limited length calibration
f69r|label,f69r,label,,,no_established_working_class,unresolved,Unassigned,,two_profile_boundary,5a,False,False,5a;6,5a;6,False,nearest-profile margin overlaps alternatives; finite-text sensitivity; reference-sheet sensitivity; text portions disagree; whole-locus sensitivity; additional sheet deletion changes preference; weak 17-profile reference recovery at matched size
f69r|para,f69r,para,5a,celestial_running,previous_working_class_retained_audit_unresolved,uncertain_previous_class_retained,Unverified membership,,multi_profile_uncertain,6,False,False,1a;1b;3a;3b;3c;5a;6,,False,nearest-profile margin overlaps alternatives; finite-text sensitivity; reference-sheet sensitivity; glyph geometries disagree; text portions disagree; whole-locus sensitivity; fewer than two external reference sheets; additional sheet deletion changes preference; limited length calibration; pooling benefit not established within this division
f69r|radial,f69r,radial,5a,celestial_running,audit_recommendation,leaning,Tentative support,5a,leaning,5a,False,False,2b;5a;6,,False,nearest-profile margin overlaps alternatives; text portions disagree; whole-locus sensitivity; additional sheet deletion changes preference
f69v|circle,f69v,circle,5a,celestial_running,audit_recommendation,secure,Strong support,5a,secure,5a,True,True,5a,,False,
f69v|radial,f69v,radial,5a,celestial_running,previous_working_class_retained_audit_unresolved,uncertain_previous_class_retained,Unverified membership,,multi_profile_uncertain,5c,False,False,5a;5b;5c,,False,nearest-profile margin overlaps alternatives; finite-text sensitivity; reference-sheet sensitivity; glyph geometries disagree; text portions disagree; whole-locus sensitivity; additional sheet deletion changes preference; weak 17-profile reference recovery at matched size
f6r|para,f6r,para,1b,early_a_y,audit_recommendation,context_supported,Strong support,1b,context_supported,1b,False,True,1a;1b,1a;1b,False,nearest-profile margin overlaps alternatives
f6v|para,f6v,para,1b,early_a_y,audit_recommendation,secure,Strong support,1b,secure,1b,True,True,1b,,False,
f70r1|circle,f70r1,circle,5a,celestial_running,audit_recommendation,secure,Strong support,5a,secure,5a,True,True,5a,,False,
f70r1|radial,f70r1,radial,5a,celestial_running,audit_recommendation,reference_limited,Unverified membership,5a,reference_limited,5b,False,False,1b;6;2c;5b,,False,nearest-profile margin overlaps alternatives; finite-text sensitivity; whole-locus sensitivity; fewer than two external reference sheets; limited length calibration
f70r2|circle,f70r2,circle,5a,celestial_running,audit_recommendation,secure,Strong support,5a,secure,5a,True,True,5a,,False,
f70r2|para,f70r2,para,5a,celestial_running,previous_working_class_retained_audit_unresolved,uncertain_previous_class_retained,Unverified membership,,reference_limited,6,False,False,6,,False,fewer than two external reference sheets; limited length calibration; pooling benefit not established within this division
f70v1|circle,f70v1,circle,5a,celestial_running,audit_recommendation,secure,Strong support,5a,secure,5a,True,True,5a,,False,
f70v1|label,f70v1,label,5c,zodiac_labels,audit_recommendation,leaning,Tentative support,5c,leaning,5c,False,False,5a;6;5c,,False,nearest-profile margin overlaps alternatives; additional sheet deletion changes preference; weak 17-profile reference recovery at matched size
f70v2|circle,f70v2,circle,5a,celestial_running,audit_recommendation,secure,Strong support,5a,secure,5a,True,True,5a,,False,
f70v2|label,f70v2,label,5c,zodiac_labels,audit_recommendation,leaning,Tentative support,5c,leaning,5c,False,False,2c;5c,2c;5c,False,nearest-profile margin overlaps alternatives; additional sheet deletion changes preference; weak 17-profile reference recovery at matched size
f71r|circle,f71r,circle,5a,celestial_running,audit_recommendation,secure,Strong support,5a,secure,5a,True,True,5a,,False,
f71r|label,f71r,label,5c,zodiac_labels,audit_recommendation,insufficient_text,Unverified membership,5c,insufficient_text,5c,False,False,2c;5c,,False,below smallest calibrated word budget; nearest-profile margin overlaps alternatives; additional sheet deletion changes preference; limited length calibration
f71v|circle,f71v,circle,5a,celestial_running,audit_recommendation,leaning,Tentative support,5a,leaning,5a,False,False,5a;6,5a;6,False,nearest-profile margin overlaps alternatives; whole-locus sensitivity; additional sheet deletion changes preference
f71v|label,f71v,label,5c,zodiac_labels,audit_recommendation,insufficient_text,Unverified membership,5c,insufficient_text,5c,False,False,3a;5a;6;5c;3d-c,,False,below smallest calibrated word budget; nearest-profile margin overlaps alternatives; finite-text sensitivity; reference-sheet sensitivity; glyph geometries disagree; p/f mapping changes preference; text portions disagree; whole-locus sensitivity; additional sheet deletion changes preference; limited length calibration
f72r1|circle,f72r1,circle,5a,celestial_running,previous_working_class_retained_audit_unresolved,uncertain_previous_class_retained,Unverified membership,,two_profile_boundary,5a,False,False,5a;6,5a;6,False,nearest-profile margin overlaps alternatives; finite-text sensitivity; reference-sheet sensitivity; text portions disagree; whole-locus sensitivity; additional sheet deletion changes preference
f72r1|label,f72r1,label,5c,zodiac_labels,audit_recommendation,insufficient_text,Unverified membership,5c,insufficient_text,5c,False,False,3a;3d-l;5c,,False,below smallest calibrated word budget; nearest-profile margin overlaps alternatives; additional sheet deletion changes preference; limited length calibration
f72r2|circle,f72r2,circle,5a,celestial_running,previous_working_class_retained_audit_unresolved,uncertain_previous_class_retained,Unverified membership,,two_profile_boundary,5a,False,False,5a;6,5a;6,False,nearest-profile margin overlaps alternatives; finite-text sensitivity; whole-locus sensitivity; additional sheet deletion changes preference
f72r2|label,f72r2,label,5c,zodiac_labels,audit_recommendation,leaning,Tentative support,5c,leaning,5c,False,False,6;3d-l;5c,,False,nearest-profile margin overlaps alternatives; additional sheet deletion changes preference; weak 17-profile reference recovery at matched size
f72r3|circle,f72r3,circle,5a,celestial_running,audit_recommendation,secure,Strong support,5a,secure,5a,True,True,5a,,False,
f72r3|label,f72r3,label,5c,zodiac_labels,previous_working_class_retained_audit_unresolved,uncertain_previous_class_retained,Unverified membership,,multi_profile_uncertain,2c,False,False,5a;6;2c;5c;3d-c,,False,nearest-profile margin overlaps alternatives; finite-text sensitivity; text portions disagree; whole-locus sensitivity; additional sheet deletion changes preference; weak 17-profile reference recovery at matched size
f72v1|circle,f72v1,circle,5a,celestial_running,previous_working_class_retained_audit_unresolved,uncertain_previous_class_retained,Unverified membership,,multi_profile_uncertain,5c,False,False,3b;5a;6;5c;3d-c,,False,nearest-profile margin overlaps alternatives; finite-text sensitivity; reference-sheet sensitivity; text portions disagree; whole-locus sensitivity; reference weighting changes preference; additional sheet deletion changes preference; limited length calibration
f72v1|label,f72v1,label,5c,zodiac_labels,audit_recommendation,leaning,Tentative support,5c,leaning,5c,False,False,5c,,False,additional sheet deletion changes preference; weak 17-profile reference recovery at matched size
f72v2|circle,f72v2,circle,5a,celestial_running,audit_recommendation,secure,Strong support,5a,secure,5a,True,True,5a,,False,
f72v2|label,f72v2,label,5c,zodiac_labels,audit_recommendation,leaning,Tentative support,5c,leaning,5c,False,False,3b;5a;2c;5c;3d-c,,False,nearest-profile margin overlaps alternatives; reference-sheet sensitivity; text portions disagree; whole-locus sensitivity; additional sheet deletion changes preference; weak 17-profile reference recovery at matched size
f72v3|circle,f72v3,circle,5a,celestial_running,audit_recommendation,secure,Strong support,5a,secure,5a,True,True,5a,,False,
f72v3|label,f72v3,label,5c,zodiac_labels,audit_recommendation,leaning,Tentative support,5c,leaning,5c,False,False,6;5c,6;5c,False,nearest-profile margin overlaps alternatives; additional sheet deletion changes preference; weak 17-profile reference recovery at matched size
f73r|circle,f73r,circle,5a,celestial_running,audit_recommendation,secure,Strong support,5a,secure,5a,True,True,5a,,False,
f73r|label,f73r,label,5c,zodiac_labels,previous_working_class_retained_audit_unresolved,uncertain_previous_class_retained,Unverified membership,,multi_profile_uncertain,5a,False,False,3b;5a;5c;3d-c,,False,nearest-profile margin overlaps alternatives; finite-text sensitivity; reference-sheet sensitivity; text portions disagree; whole-locus sensitivity; additional sheet deletion changes preference; weak 17-profile reference recovery at matched size
f73v|circle,f73v,circle,5a,celestial_running,previous_working_class_retained_audit_unresolved,uncertain_previous_class_retained,Unverified membership,,two_profile_boundary,3b,False,False,3b;5a,3b;5a,False,nearest-profile margin overlaps alternatives; finite-text sensitivity; reference-sheet sensitivity; glyph geometries disagree; text portions disagree; whole-locus sensitivity; reference weighting changes preference; additional sheet deletion changes preference; weak 17-profile reference recovery at matched size
f73v|label,f73v,label,5c,zodiac_labels,previous_working_class_retained_audit_unresolved,uncertain_previous_class_retained,Unverified membership,,atypical,5a,False,False,3b;5a;5c;3d-c,,False,nearest-profile margin overlaps alternatives; finite-text sensitivity; reference-sheet sensitivity; p/f mapping changes preference; text portions disagree; whole-locus sensitivity; additional sheet deletion changes preference; weak 17-profile reference recovery at matched size; atypical distance for preferred profile at this size
f75r|para,f75r,para,4a,bio_paragraph,audit_recommendation,secure,Strong support,4a,secure,4a,True,True,4a,,False,pooling benefit not established within this division
f75v|label,f75v,label,4b,bio_labels,previous_working_class_retained_audit_unresolved,uncertain_previous_class_retained,Unverified membership,,multi_profile_uncertain,4b,False,False,3b;4c;4a;3d-l;4b,,False,nearest-profile margin overlaps alternatives; finite-text sensitivity; reference-sheet sensitivity; text portions disagree; whole-locus sensitivity; reference weighting changes preference; additional sheet deletion changes preference; limited length calibration
f75v|para,f75v,para,4a,bio_paragraph,audit_recommendation,secure,Strong support,4a,secure,4a,True,True,4a,,False,pooling benefit not established within this division
f76r|label,f76r,label,,,no_established_working_class,unresolved,Unassigned,,insufficient_text,,False,False,2a,,False,below smallest calibrated word budget; insufficient shared glyph contexts; finite-text sensitivity; reference-sheet sensitivity; glyph geometries disagree; whole-locus sensitivity; fewer than two external reference sheets; additional sheet deletion changes preference; limited length calibration
f76r|para,f76r,para,4a,bio_paragraph,audit_recommendation,secure,Strong support,4a,secure,4a,True,True,4a,,False,pooling benefit not established within this division
f76v|para,f76v,para,4a,bio_paragraph,audit_recommendation,secure,Strong support,4a,secure,4a,True,True,4a,,False,pooling benefit not established within this division
f77r|label,f77r,label,4b,bio_labels,audit_recommendation,insufficient_text,Unverified membership,4b,insufficient_text,4b,False,False,3d-l;4b;3d-c,,False,below smallest calibrated word budget; nearest-profile margin overlaps alternatives; finite-text sensitivity; reference-sheet sensitivity; text portions disagree; whole-locus sensitivity; reference weighting changes preference; additional sheet deletion changes preference; limited length calibration
f77r|para,f77r,para,4a,bio_paragraph,audit_recommendation,secure,Strong support,4a,secure,4a,True,True,4a,,False,pooling benefit not established within this division
f77v|label,f77v,label,4b,bio_labels,audit_recommendation,insufficient_text,Unverified membership,4b,insufficient_text,4b,False,False,4c;4a;6;4b;3d-c,,False,below smallest calibrated word budget; nearest-profile margin overlaps alternatives; reference-sheet sensitivity; text portions disagree; whole-locus sensitivity; additional sheet deletion changes preference; limited length calibration
f77v|para,f77v,para,4a,bio_paragraph,audit_recommendation,secure,Strong support,4a,secure,4a,True,True,4a,,False,pooling benefit not established within this division
f78r|label,f78r,label,4b,bio_labels,audit_recommendation,insufficient_text,Unverified membership,4b,insufficient_text,3d-l,False,False,5a;2c;3d-l;4b;5c,,False,below smallest calibrated word budget; nearest-profile margin overlaps alternatives; finite-text sensitivity; glyph geometries disagree; text portions disagree; whole-locus sensitivity; fewer than two external reference sheets; limited length calibration
f78r|para,f78r,para,4a,bio_paragraph,audit_recommendation,secure,Strong support,4a,secure,4a,True,True,4a,,False,pooling benefit not established within this division
f78v|para,f78v,para,4a,bio_paragraph,audit_recommendation,secure,Strong support,4a,secure,4a,True,True,4a,,False,pooling benefit not established within this division
f79r|para,f79r,para,4a,bio_paragraph,audit_recommendation,leaning,Tentative support,4a,leaning,4a,False,False,4c;4a,4c;4a,False,nearest-profile margin overlaps alternatives; pooling benefit not established within this division
f79v|para,f79v,para,4a,bio_paragraph,audit_recommendation,secure,Strong support,4a,secure,4a,True,True,4a,,False,pooling benefit not established within this division
f7r|para,f7r,para,1a,early_a_ch,audit_recommendation,secure,Strong support,1a,secure,1a,True,True,1a,,False,
f7v|para,f7v,para,1a,early_a_ch,audit_recommendation,secure,Strong support,1a,secure,1a,True,True,1a,,False,
f80r|label,f80r,label,4b,bio_labels,audit_recommendation,insufficient_text,Unverified membership,4b,insufficient_text,4b,False,False,4a;4b;5c;3d-c,,False,below smallest calibrated word budget; nearest-profile margin overlaps alternatives; text portions disagree; limited length calibration
f80r|para,f80r,para,4a,bio_paragraph,audit_recommendation,secure,Strong support,4a,secure,4a,True,True,4a,,False,pooling benefit not established within this division
f80v|para,f80v,para,4a,bio_paragraph,audit_recommendation,secure,Strong support,4a,secure,4a,True,True,4a,,False,pooling benefit not established within this division
f81r|para,f81r,para,4a,bio_paragraph,audit_recommendation,secure,Strong support,4a,secure,4a,True,True,4a,,False,pooling benefit not established within this division
f81v|label,f81v,label,4b,bio_labels,audit_recommendation,insufficient_text,Unverified membership,4b,insufficient_text,,False,False,4b,,False,below smallest calibrated word budget; insufficient shared glyph contexts; finite-text sensitivity; reference-sheet sensitivity; glyph geometries disagree; whole-locus sensitivity; fewer than two external reference sheets; additional sheet deletion changes preference; limited length calibration
f81v|para,f81v,para,4a,bio_paragraph,audit_recommendation,secure,Strong support,4a,secure,4a,True,True,4a,,False,pooling benefit not established within this division
f82r|label,f82r,label,4b,bio_labels,audit_recommendation,insufficient_text,Unverified membership,4b,insufficient_text,4b,False,False,2c;3d-l;4b,,False,below smallest calibrated word budget; nearest-profile margin overlaps alternatives; reference-sheet sensitivity; text portions disagree; whole-locus sensitivity; additional sheet deletion changes preference; limited length calibration
f82r|para,f82r,para,4a,bio_paragraph,audit_recommendation,leaning,Tentative support,4a,leaning,4a,False,False,4c;4a,4c;4a,False,nearest-profile margin overlaps alternatives; pooling benefit not established within this division
f82v|label,f82v,label,4b,bio_labels,audit_recommendation,insufficient_text,Unverified membership,4b,insufficient_text,4b,False,False,4c;4a;3d-l;4b;3d-c,,False,below smallest calibrated word budget; nearest-profile margin overlaps alternatives; reference-sheet sensitivity; text portions disagree; whole-locus sensitivity; reference weighting changes preference; additional sheet deletion changes preference; limited length calibration
f82v|para,f82v,para,4a,bio_paragraph,audit_recommendation,secure,Strong support,4a,secure,4a,True,True,4a,,False,pooling benefit not established within this division
f83r|label,f83r,label,4b,bio_labels,audit_recommendation,insufficient_text,Unverified membership,4b,insufficient_text,2c,False,False,1a;2a;2b;2c,,False,below smallest calibrated word budget; nearest-profile margin overlaps alternatives; finite-text sensitivity; text portions disagree; whole-locus sensitivity; limited length calibration
f83r|para,f83r,para,4a,bio_paragraph,audit_recommendation,secure,Strong support,4a,secure,4a,True,True,4a,,False,pooling benefit not established within this division
f83v|label,f83v,label,4b,bio_labels,audit_recommendation,insufficient_text,Unverified membership,4b,insufficient_text,4b,False,False,4b;3d-c,,False,below smallest calibrated word budget; nearest-profile margin overlaps alternatives; finite-text sensitivity; text portions disagree; whole-locus sensitivity; additional sheet deletion changes preference; limited length calibration
f83v|para,f83v,para,4a,bio_paragraph,audit_recommendation,secure,Strong support,4a,secure,4a,True,True,4a,,False,pooling benefit not established within this division
f84r|label,f84r,label,4b,bio_labels,audit_recommendation,insufficient_text,Unverified membership,4b,insufficient_text,4b,False,False,3a;4a;4b;3d-c,,False,below smallest calibrated word budget; nearest-profile margin overlaps alternatives; additional sheet deletion changes preference; limited length calibration
f84r|para,f84r,para,4a,bio_paragraph,audit_recommendation,secure,Strong support,4a,secure,4a,True,True,4a,,False,pooling benefit not established within this division
f84v|para,f84v,para,4a,bio_paragraph,audit_recommendation,secure,Strong support,4a,secure,4a,True,True,4a,,False,pooling benefit not established within this division
f85r1|para,f85r1,para,,,no_established_working_class,unresolved,Unassigned,,multi_profile_uncertain,3c,False,False,3a;3b;3c,,False,nearest-profile margin overlaps alternatives; finite-text sensitivity; reference-sheet sensitivity; p/f mapping changes preference; p/f mapping changes assisted preference; text portions disagree; whole-locus sensitivity; additional sheet deletion changes preference
f85r2|circle,f85r2,circle,,,no_established_working_class,unresolved,Unassigned,,multi_profile_uncertain,3c,False,False,3a;3b;3c;5a,,False,nearest-profile margin overlaps alternatives; finite-text sensitivity; reference-sheet sensitivity; p/f mapping changes preference; text portions disagree; whole-locus sensitivity; additional sheet deletion changes preference; weak 17-profile reference recovery at matched size
f85r2|para,f85r2,para,,,no_established_working_class,unresolved,Unassigned,,multi_profile_uncertain,3c,False,False,3a;3b;4c;3c;4a,,False,nearest-profile margin overlaps alternatives; finite-text sensitivity; whole-locus sensitivity; weak 17-profile reference recovery at matched size
f86v3|para,f86v3,para,3c,stars_t,audit_recommendation,secure,Strong support,3c,secure,3c,True,True,3c,,False,
f86v4|circle,f86v4,circle,3b,herbal_b_e,audit_recommendation,leaning,Tentative support,3b,leaning,3b,False,False,3a;3b;3c,,False,nearest-profile margin overlaps alternatives; weak 17-profile reference recovery at matched size
f86v4|para,f86v4,para,2b,pharma_paragraph,audit_recommendation,leaning,Tentative support,2b,leaning,2b,False,False,2b;3a;3b;4c;3c,,False,nearest-profile margin overlaps alternatives; finite-text sensitivity; text portions disagree; page and bifolium-assisted preferences differ
f86v5|para,f86v5,para,3a,herbal_b_a,previous_working_class_retained_audit_unresolved,uncertain_previous_class_retained,Unverified membership,,atypical,3c,False,False,3a;3c,,False,nearest-profile margin overlaps alternatives; finite-text sensitivity; p/f mapping changes preference; text portions disagree; whole-locus sensitivity; atypical distance for preferred profile at this size
f86v6|para,f86v6,para,,,no_established_working_class,unresolved,Unassigned,,two_profile_boundary,3c,False,False,3a;3c,3a;3c,True,nearest-profile margin overlaps alternatives; finite-text sensitivity; reference-sheet sensitivity; p/f mapping changes preference; p/f mapping changes assisted preference; text portions disagree; whole-locus sensitivity; additional sheet deletion changes preference
f87r|para,f87r,para,2a,late_a_herbal,audit_recommendation,leaning,Tentative support,2a,leaning,2a,False,False,2a;2b,2a;2b,False,nearest-profile margin overlaps alternatives; finite-text sensitivity; fewer than two external reference sheets; limited length calibration; pooling benefit not established within this division
f87v|para,f87v,para,2b,pharma_paragraph,audit_recommendation,leaning,Tentative support,2b,leaning,2b,False,False,2a;2b,2a;2b,False,nearest-profile margin overlaps alternatives; pooling benefit not established within this division
f88r|label,f88r,label,2c,pharma_labels,audit_recommendation,insufficient_text,Unverified membership,2c,insufficient_text,2c,False,False,2c;3d-l;4b;5b;5c,,False,below smallest calibrated word budget; nearest-profile margin overlaps alternatives; finite-text sensitivity; p/f mapping changes preference; text portions disagree; whole-locus sensitivity; additional sheet deletion changes preference; limited length calibration
f88r|para,f88r,para,2b,pharma_paragraph,audit_recommendation,secure,Strong support,2b,secure,2b,True,True,2b,,False,pooling benefit not established within this division
f88v|label,f88v,label,2c,pharma_labels,audit_recommendation,insufficient_text,Unverified membership,2c,insufficient_text,2c,False,False,2c;3d-l;5b;5c;3d-c,,False,below smallest calibrated word budget; nearest-profile margin overlaps alternatives; finite-text sensitivity; reference-sheet sensitivity; glyph geometries disagree; text portions disagree; whole-locus sensitivity; additional sheet deletion changes preference; limited length calibration
f88v|para,f88v,para,2b,pharma_paragraph,audit_recommendation,secure,Strong support,2b,secure,2b,True,True,2b,,False,pooling benefit not established within this division
f89r1|label,f89r1,label,2c,pharma_labels,audit_recommendation,insufficient_text,Unverified membership,2c,insufficient_text,5b,False,False,1b;2b;5a;2c;3d-l;5b;5c,,False,below smallest calibrated word budget; nearest-profile margin overlaps alternatives; finite-text sensitivity; text portions disagree; whole-locus sensitivity; fewer than two external reference sheets; limited length calibration
f89r1|para,f89r1,para,2b,pharma_paragraph,previous_working_class_retained_audit_unresolved,uncertain_previous_class_retained,Unverified membership,,multi_profile_uncertain,2a,False,False,1a;1b;2a;2b;6,,False,nearest-profile margin overlaps alternatives; finite-text sensitivity; reference-sheet sensitivity; glyph geometries disagree; p/f mapping changes preference; text portions disagree; whole-locus sensitivity; additional sheet deletion changes preference; limited length calibration; pooling benefit not established within this division
f89r2|label,f89r2,label,2c,pharma_labels,audit_recommendation,insufficient_text,Unverified membership,2c,insufficient_text,2c,False,False,2a;2b;2c;5b;5c,,False,below smallest calibrated word budget; nearest-profile margin overlaps alternatives; text portions disagree; limited length calibration
f89r2|para,f89r2,para,2b,pharma_paragraph,audit_recommendation,secure,Strong support,2b,secure,2b,True,True,2b,,False,pooling benefit not established within this division
f89v1|label,f89v1,label,2c,pharma_labels,audit_recommendation,insufficient_text,Unverified membership,2c,insufficient_text,3d-l,False,False,2c;3d-l;3d-c,,False,below smallest calibrated word budget; nearest-profile margin overlaps alternatives; glyph geometries disagree; text portions disagree; whole-locus sensitivity; fewer than two external reference sheets; additional sheet deletion changes preference; limited length calibration
f89v1|para,f89v1,para,2b,pharma_paragraph,previous_working_class_retained_audit_unresolved,uncertain_previous_class_retained,Unverified membership,,multi_profile_uncertain,2b,False,False,1b;2a;2b;6,,False,nearest-profile margin overlaps alternatives; finite-text sensitivity; reference-sheet sensitivity; text portions disagree; whole-locus sensitivity; reference weighting changes preference; pooling benefit not established within this division
f89v2|label,f89v2,label,2c,pharma_labels,audit_recommendation,insufficient_text,Unverified membership,2c,insufficient_text,2c,False,False,1a;3a;5a;6;2c;3d-l;5c,,False,below smallest calibrated word budget; nearest-profile margin overlaps alternatives; finite-text sensitivity; reference-sheet sensitivity; glyph geometries disagree; p/f mapping changes preference; text portions disagree; whole-locus sensitivity; reference weighting changes preference; additional sheet deletion changes preference; limited length calibration
f89v2|para,f89v2,para,2b,pharma_paragraph,audit_recommendation,leaning,Tentative support,2b,leaning,2b,False,False,1b;2b,1b;2b,False,nearest-profile margin overlaps alternatives; pooling benefit not established within this division
f8r|para,f8r,para,1a,early_a_ch,audit_recommendation,secure,Strong support,1a,secure,1a,True,True,1a,,False,
f8v|para,f8v,para,1a,early_a_ch,audit_recommendation,secure,Strong support,1a,secure,1a,True,True,1a,,False,
f90r1|para,f90r1,para,2a,late_a_herbal,previous_working_class_retained_audit_unresolved,uncertain_previous_class_retained,Unverified membership,,multi_profile_uncertain,1b,False,False,1b;2a;2b,,False,nearest-profile margin overlaps alternatives; finite-text sensitivity; reference-sheet sensitivity; glyph geometries disagree; text portions disagree; whole-locus sensitivity; reference weighting changes preference; additional sheet deletion changes preference; weak 17-profile reference recovery at matched size; pooling benefit not established within this division
f90r2|para,f90r2,para,2b,pharma_paragraph,audit_recommendation,secure,Strong support,2b,secure,2b,True,True,2b,,False,pooling benefit not established within this division
f90v1|para,f90v1,para,2b,pharma_paragraph,audit_recommendation,secure,Strong support,2b,secure,2b,True,True,2b,,False,pooling benefit not established within this division
f90v2|para,f90v2,para,2a,late_a_herbal,previous_working_class_retained_audit_unresolved,uncertain_previous_class_retained,Unverified membership,,two_profile_boundary,2a,False,False,2a;2b,2a;2b,False,nearest-profile margin overlaps alternatives; finite-text sensitivity; glyph geometries disagree; text portions disagree; whole-locus sensitivity; fewer than two external reference sheets; limited length calibration; pooling benefit not established within this division
f93r|para,f93r,para,2a,late_a_herbal,previous_working_class_retained_audit_unresolved,uncertain_previous_class_retained,Unverified membership,,multi_profile_uncertain,1b,False,False,1a;1b;2a;2b,,False,nearest-profile margin overlaps alternatives; finite-text sensitivity; reference-sheet sensitivity; text portions disagree; whole-locus sensitivity; reference weighting changes preference; pooling benefit not established within this division
f93v|para,f93v,para,1b,early_a_y,audit_recommendation,leaning,Tentative support,1b,leaning,1b,False,False,1a;1b;2a;2b,,False,nearest-profile margin overlaps alternatives; finite-text sensitivity; whole-locus sensitivity; pooling benefit not established within this division
f94r|para,f94r,para,3a,herbal_b_a,audit_recommendation,secure,Strong support,3a,secure,3a,True,True,3a,,False,
f94v|para,f94v,para,3a,herbal_b_a,audit_recommendation,context_supported,Strong support,3a,context_supported,3a,False,True,3a;3b;4c;3c,,False,nearest-profile margin overlaps alternatives; finite-text sensitivity; reference-sheet sensitivity; glyph geometries disagree; text portions disagree; whole-locus sensitivity; reference weighting changes preference; additional sheet deletion changes preference
f95r1|para,f95r1,para,3a,herbal_b_a,audit_recommendation,secure,Strong support,3a,secure,3a,True,True,3a,,False,
f95r2|para,f95r2,para,3a,herbal_b_a,audit_recommendation,secure,Strong support,3a,secure,3a,True,True,3a,,False,
f95v1|para,f95v1,para,3a,herbal_b_a,audit_recommendation,secure,Strong support,3a,secure,3a,True,True,3a,,False,
f95v2|para,f95v2,para,3a,herbal_b_a,audit_recommendation,secure,Strong support,3a,secure,3a,True,True,3a,,False,
f96r|para,f96r,para,2b,pharma_paragraph,audit_recommendation,leaning,Tentative support,2b,leaning,2b,False,False,2a;2b,2a;2b,False,nearest-profile margin overlaps alternatives; reference-sheet sensitivity; whole-locus sensitivity; additional sheet deletion changes preference; pooling benefit not established within this division
f96v|para,f96v,para,2a,late_a_herbal,audit_recommendation,leaning,Tentative support,2a,leaning,2a,False,False,2a;2b,2a;2b,False,nearest-profile margin overlaps alternatives; fewer than two external reference sheets; limited length calibration; pooling benefit not established within this division
f99r|label,f99r,label,2c,pharma_labels,previous_working_class_retained_audit_unresolved,uncertain_previous_class_retained,Unverified membership,,multi_profile_uncertain,2c,False,False,5a;6;2c;4b;5b;5c,,False,nearest-profile margin overlaps alternatives; finite-text sensitivity; reference-sheet sensitivity; p/f mapping changes preference; text portions disagree; whole-locus sensitivity; reference weighting changes preference; additional sheet deletion changes preference; weak 17-profile reference recovery at matched size
f99r|para,f99r,para,2b,pharma_paragraph,audit_recommendation,secure,Strong support,2b,secure,2b,True,True,2b,,False,pooling benefit not established within this division
f99v|label,f99v,label,2c,pharma_labels,previous_working_class_retained_audit_unresolved,uncertain_previous_class_retained,Unverified membership,,multi_profile_uncertain,2c,False,False,2c;4b;5c,,False,nearest-profile margin overlaps alternatives; finite-text sensitivity; whole-locus sensitivity; additional sheet deletion changes preference; weak 17-profile reference recovery at matched size
f99v|para,f99v,para,2b,pharma_paragraph,audit_recommendation,secure,Strong support,2b,secure,2b,True,True,2b,,False,pooling benefit not established within this division
f9r|para,f9r,para,1b,early_a_y,audit_recommendation,context_supported,Strong support,1b,context_supported,1b,False,True,1a;1b,1a;1b,False,nearest-profile margin overlaps alternatives; text portions disagree
f9v|para,f9v,para,1b,early_a_y,audit_recommendation,secure,Strong support,1b,secure,1b,True,True,1b,,False,
fRos|circle,fRos,circle,3d-c,rosette_circle,audit_recommendation,reference_limited,Unverified membership,3d-c,reference_limited,3a,False,False,3a;5a,,False,own reference has no surviving independent sheet; nearest-profile margin overlaps alternatives; atypical distance for preferred profile at this size
fRos|label,fRos,label,3d-l,rosette_labels,audit_recommendation,reference_limited,Unverified membership,3d-l,reference_limited,4b,False,False,3a;3b;2c;4b;5c,,False,own reference has no surviving independent sheet; nearest-profile margin overlaps alternatives; reference-sheet sensitivity; glyph geometries disagree; whole-locus sensitivity; reference weighting changes preference; additional sheet deletion changes preference; limited length calibration
fRos|para,fRos,para,5a,celestial_running,previous_working_class_retained_audit_unresolved,uncertain_previous_class_retained,Unverified membership,,multi_profile_uncertain,3b,False,False,3a;3b;4c;3c;5a,,False,nearest-profile margin overlaps alternatives; finite-text sensitivity; reference-sheet sensitivity; glyph geometries disagree; p/f mapping changes preference; text portions disagree; whole-locus sensitivity; additional sheet deletion changes preference; weak 17-profile reference recovery at matched size; pooling benefit not established within this division
